id;biological_control;physical_control;chemical_control
001;Favorecer la presencia de fauna auxiliar (Ácaros Fitoseidos: Euseius stipulatus. Neoseiulus californicus y Euseius scutalis). También destacan varias especies de insectos depredadores (neurópteros. coccinélidos y antocóridos);Ninguno;Se recomienda restringir todo lo posible la realización de  tratamientos para no afectar las poblaciones de auxiliares. Tratar sólo cuando los nidos estén realmente ocupados y haya defoliación que produzca quemaduras en los frutos. Se podrán utilizar. en el caso de que existan. los productos fitosanitarios autorizados para este uso en el Registro de Productos Fitosanitarios del Ministerio de Agricultura. Pesca y Alimentación 
002;La fauna auxiliar autóctona ejerce un control satisfactorio: Ácaros fitoseidos del género Euseius. Amblyseius y Galendromun y coleópteros del género Stethorus;Realizar lavados con agua a presión para bajar poblaciones;Se recomienda restringir todo lo posible la realización de  tratamientos para no afectar las poblaciones de auxiliares. Tratar sólo de forma puntual y localizada. Se podrán utilizar. en el caso de que existan. los productos fitosanitarios autorizados para este uso en el Registro de Productos Fitosanitarios del Ministerio de Agricultura. Pesca y Alimentación 
003;Existe un considerable índice de parasitismo natural: Himenópteros del género Metaphycus (M. stanleyii. M. swirskii y M. dispar). y Microterys flavus. Depredadores: destacamos al Coleóptero Cryptolaemus montrouzieri. Preservar la fauna auxiliar autóctona;Realizar lavados (polverizaciones) con agua templada y solución jabonosa;Tratar únicamente los focos. es muy importante que la maquinaria esté bien calibrada y que pueda dar suficiente presión para mojar bien las hojas. Se podrán utilizar. en el caso de que existan. los productos fitosanitarios autorizados para este uso en el Registro de Productos Fitosanitarios del Ministerio de Agricultura. Pesca y Alimentación
004;Preservar los enemigos naturales locales;Ha mostrado cierta eficacia la aplicación de solución jabonosa;Se podrán utilizar. en el caso de que existan. los productos fitosanitarios autorizados para este uso en el Registro de Productos Fitosanitarios del Ministerio de Agricultura. Pesca y alimentación
005;Trips (Aeolothrips fasciatus. Aelothrips intermedius y Franklinothrips megalops). antocorídos y míridos. así como el himenóptero parasitoide Tripobius semiluteus. Preservar la fauna auxiliar autóctona;Ninguno;Cuando sea necesario tratar los focos. procurando mojar bien las partes internas de los árboles. Se podrán utilizar. en el caso de que existan. los productos fitosanitarios autorizados para este uso en el Registro de Productos Fitosanitarios del Ministerio de Agricultura. Pesca y Alimentación
006;Ninguno;Encalar el tronco y colocarles anillos de protección que impidan la subida;Se podrán utilizar. en el caso de que existan. los productos fitosanitarios autorizados para este uso en el Registro de Productos Fitosanitarios del Ministerio de Agricultura. Pesca y Alimentación
007;Ninguno;Encalar el tronco y colocarles anillos de protección que impidan la subida;Se podrán utilizar. en el caso de que existan. los productos fitosanitarios autorizados para este uso en el Registro de Productos Fitosanitarios del Ministerio de Agricultura. Pesca y Alimentación
008;Ninguno;Encalar el tronco y colocarles anillos de protección que impidan la subida;Se podrán utilizar. en el caso de que existan. los productos fitosanitarios autorizados para este uso en el Registro de Productos Fitosanitarios del Ministerio de Agricultura. Pesca y Alimentación
009;Favorecer la acción antagonista de los microorganismos naturales del suelo. Langermannie sp.. Mortierella spp. Myrothecium roridum. Trichoderma spp.;Aislar los árboles enfermos con una barrera seca;Las aplicaciones deben efectuarse en periodo de crecimiento activo de la planta. Se recomienda un programa de 2-3 tratamientos foliares anuales cada 2 ó 3 meses de abril a octubre. Se podrán utilizar. en el caso de que existan. los productos fitosanitarios autorizados para este uso en el Registro de Productos Fitosanitarios del Ministerio de Agricultura. Pesca y Alimentación
010;Favorecer la acción antagonista de los microorganismos naturales del suelo. Langermannie sp.. Mortierella spp.. Myrothecium roridum. Trichoderma spp.;Aislar los árboles enfermos con una barrera seca;Se podrán utilizar. en el caso de que existan. los productos fitosanitarios autorizados para este uso en el Registro de Productos Fitosanitarios del Ministerio de Agricultura. Pesca y Alimentación
011;Ninguno;Pulverización con agua jabonosa;No suele ser necesario el uso de medios químicos para controlar esta enfermedad. En situaciones excepcionales se podrán utilizar. en el caso de que existan. los productos fitosanitarios autorizados para este uso en el Registro de Productos Fitosanitarios del Ministerio de Agricultura. Pesca y Alimentación
012;No existen alternativas. para uso en campo. Experimentalmente se ha demostrado que el tratamiento de los frutos en pre y postcosecha con aislamientos de Bacillus sp. y Pseudomonas sp.. reduce o retarda el desarrollo de la antracnosis en almacenamiento;Ninguno;Se podrán utilizar. en el caso de que existan. los productos fitosanitarios autorizados para este uso en el Registro de Productos Fitosanitarios del Ministerio de Agricultura. Pesca y Alimentación
013;Se está trabajando con Trichoderma harzianum. momentos y dosis de aplicación;Ninguno;Se podrán utilizar. en el caso de que existan. los productos fitosanitarios autorizados para este uso en el Registro de Productos Fitosanitarios del Ministerio de Agricultura. Pesca y Alimentación
014;Se está trabajando con Trichoderma harzianum. momentos y dosis de aplicación;Ninguno;Se podrán utilizar. en el caso de que existan. los productos fitosanitarios autorizados para este uso en el Registro de Productos Fitosanitarios del Ministerio de Agricultura. Pesca y Alimentación
015;Ninguno;Ninguno;Aplicación de fungicidas de contacto en las heridas de poda o aclareo a la salida del invierno y en verano. Se podrán utilizar. en el caso de que existan. los productos fitosanitarios autorizados para este uso en el Registro de Productos Fitosanitarios del Ministerio de Agricultura. Pesca y Alimentación
016;Ninguno;Ninguno ;Se podrán utilizar. en el caso de que existan. los productos fitosanitarios autorizados para este uso en el Registro de Productos Fitosanitarios del Ministerio de Agricultura. Pesca y Alimentación
017;Ninguno;Aislamiento y eliminación de los árboles enfermos;No existen tratamientos curativos
018;Se han realizado sueltas experimentales (en cítricos) de parasitoides como Diachasmimorpha longicaudata. su posible acción beneficiosa podría reflejarse también en el cultivo del caqui. Medios biotecnológicos: En el caso de estar autorizados para este uso en el Registro de Productos Fitosanitarios del Ministerio de Agricultura. Pesca y Alimentación. se podrán utilizar los métodos de captura masiva de adultos o el método de atracción y muerte (attract & Kill). Captura masiva de adultos: Dependiendo de la presión de la plaga. instalar desde final de agosto hasta al menos 15 días después de la recolección de 50 a 80 trampas por hectárea para tratamientos con atrayentes sólidos. o una densidad de 75 a 120 trampas por hectárea si se usan atrayentes líquidos. Método de atracción y muerte (attract & kill): instalar desde inicio de agosto hasta al menos 15 días después de la recolección de 50 a 80 trampas por hectárea;Ninguno;Tratamientos cebo. utilizando una proteína hidrolizada que actúa como atrayente. Se podrán utilizar. en el caso de que existan. los productos fitosanitarios autorizados para este uso en el Registro de Productos Fitosanitarios del Ministerio de Agricultura. Pesca y Alimentación
019;A finales de primavera realizar sueltas del coccinélido Cryptolaemus montrouzieri (5 a 10 por árbol) y complementar en junio con los parasitoides encírtidos Anagyrus pseudococci y Leptomastix;Utilización de barreras físicas adhesivas para evitar el ascenso de hormigas por el tronco;Alternar materias activas y mojar bien el arbolado. Se podrán utilizar. en el caso de que existan. los productos fitosanitarios autorizados para este uso en el Registro de Productos Fitosanitarios del Ministerio de Agricultura. Pesca y Alimentación
020;El principal parasitoide es Anagyrus fusciventris. A finales de primavera realizar sueltas del coccinélido Cryptolaemus montrouzieri (5 a 10 por árbol) y complementar en junio con los parasitoides encírtidos Anagyrus pseudococci y Leptomastix;Utilización de barreras físicas adhesivas para evitar el ascenso de hormigas por el tronco;Alternar materias activas y mojar bien el arbolado. Se podrán utilizar. en el caso de que existan. los productos fitosanitarios autorizados para este uso en el Registro de Productos Fitosanitarios del Ministerio de Agricultura. Pesca y Alimentación
021;A finales de primavera realizar sueltas del coccinélido Cryptolaemus montrouzieri (5 a 10 por árbol) y complementar en junio con los parasitoides encírtidos Anagyrus pseudococci y Leptomastix;Utilización de barreras físicas adhesivas para evitar el ascenso de hormigas por el tronco;Alternar materias activas y mojar bien el arbolado. Se podrán utilizar. en el caso de que existan. los productos fitosanitarios autorizados para este uso en el Registro de Productos Fitosanitarios del Ministerio de Agricultura. Pesca y Alimentación
022;A finales de primavera realizar sueltas del coccinélido Cryptolaemus montrouzieri (5 a 10 por árbol) y complementar en junio con los parasitoides encírtidos Anagyrus pseudococci y Leptomastix;Utilización de barreras físicas adhesivas para evitar el ascenso de hormigas por el tronco;Alternar materias activas y mojar bien el arbolado. Se podrán utilizar. en el caso de que existan. los productos fitosanitarios autorizados para este uso en el Registro de Productos Fitosanitarios del Ministerio de Agricultura. Pesca y Alimentación
023;El único parasitoide de ninfas de D. citri que se ha identificado es el himenóptero Encarsia strenua. con porcentajes de parasitismo bajos. También se observa con frecuencia el coleóptero coccinélido depredador Clitostethus arcuatus;Ninguno;Aplicar los tratamientos cuando predominen en la población las larvas jóvenes. l1-l2. Se podrán utilizar. en el caso de que existan. los productos fitosanitarios autorizados para este uso en el Registro de Productos Fitosanitarios del Ministerio de Agricultura. Pesca y Alimentación
024;Ninguno;Ninguno;Se podrán utilizar. en el caso de que existan. los productos fitosanitarios autorizados para este uso en el Registro de Productos Fitosanitarios del Ministerio de Agricultura. Pesca y Alimentación
025;Existe una variada fauna auxiliar capaz de regular las poblaciones de P. corni. destacando el himenoptero depredador Scutellista caerulea;Utilización de barreras físicas adhesivas para evitar el ascenso de hormigas por el tronco;Suele ser suficiente un solo tratamiento en el momento de máxima eclosión. Se podrán utilizar. en el caso de que existan. los productos fitosanitarios autorizados para este uso en el Registro de Productos Fitosanitarios del Ministerio de Agricultura. Pesca y Alimentación
026;La fauna auxiliar es capaz de controlar al insecto si hay un uso racional de insecticidas químicos. Los principales enemigos naturales son los parásitos Coccophagus lycimnia. Metaphycus flavus y Metaphycus helvolus y los depredadores Scutellista caerulea y Chilocorus bipustulatus;Utilización de barreras físicas adhesivas para evitar la subida de hormigas por el tronco;Tratar los focos localizados eligiendo productos que respeten la fauna auxiliar. Se podrán utilizar. en el caso de que existan. los productos fitosanitarios autorizados para este uso en el Registro de Productos Fitosanitarios del Ministerio de Agricultura. Pesca y Alimentación
027;Existe una abundante fauna auxiliar capaz de controlar a este insecto. Entre los enemigos naturales destacar al depredador Scutellista caerulea. el parásitoide Aprostocetus ceroplastae y los depredapores Eublemma scitula y Brumus quadripustulatus;Utilización de barreras físicas adhesivas para evitar el ascenso de hormigas por el tronco;El momento adecuado para realizar un tratamiento sería en otoño. cuando el 100 % de los huevos ha eclosionado y la mayoría de la población esta compuesta por ninfas de primer y segundo estadio. Tratar por focos eligiendo productos respetuosos con la fauna auxiliar. Se podrán utilizar. en el caso de que existan. los productos fitosanitarios autorizados para este uso en el Registro de Productos Fitosanitarios del Ministerio de Agricultura. Pesca y Alimentación
028;Medios biotecnológicos: Aplicar la técnica de confusión sexual en parcelas que reúnan las condiciones adecuadas. colocar los difusores en la plantación antes de que se inicien los primeros vuelos;Ninguno;Se podrán utilizar. en el caso de que existan. los productos fitosanitarios autorizados para este uso en el Registro de Productos Fitosanitarios del Ministerio de Agricultura. Pesca y Alimentación
029;Medios biotecnológicos: Aplicar la técnica de confusión sexual en parcelas que reúnan las condiciones adecuadas. colocar los difusores en la plantación antes de que se inicien los primeros vuelos;Ninguno;Se podrán utilizar. en el caso de que existan. los productos fitosanitarios autorizados para este uso en el Registro de Productos Fitosanitarios del Ministerio de Agricultura. Pesca y Alimentación
030;Medios biotecnológicos: Se ha citado el uso de hongos y nematodos entomopatógenos como medida para el control de esta plaga. Se podrán utilizar. en el caso de que existan. los productos formulados a base de microorganismos autorizados para este uso en el Registro de Productos Fitosanitarios del Ministerio de Agricultura. Pesca y Alimentación;Ninguno;No se recomienda la utilización de medios químicos para su control. aplicar las medidas preventivas y culturales
031;Los trips tienen numerosos enemigos naturales generalistas. como son los ácaros fitoseidos Neoseiulus spp.. y Amblyseius spp.. los hemípteros Orius spp. y Anthocoris spp.. y algunas especies de hongos entomopatógenos. Se podrán utilizar. en el caso de que existan. los productos formulados a base de microorganismos autorizados para este uso en el Registro de Productos Fitosanitarios del Ministerio de Agricultura. Pesca y Alimentación;Uso de trampas cromáticas azules;Tratar los focos de forma localizada. principalmente en los bordes de la parcela.. Se podrán utilizar. en el caso de que existan. los productos fitosanitarios autorizados para este uso en el Registro de Productos Fitosanitarios del Ministerio de Agricultura. Pesca y Alimentación
032;Los trips tienen numerosos enemigos naturales generalistas. como son los ácaros fitoseidos Neoseiulus spp.. y Amblyseius spp.. los hemípteros Orius spp. y Anthocoris spp.. y algunas especies de hongos entomopatógenos. Se podrán utilizar. en el caso de que existan. los productos formulados a base de microorganismos autorizados para este uso en el Registro de Productos Fitosanitarios del Ministerio de Agricultura. Pesca y Alimentación;Uso de trampas cromáticas azules;Se podrán utilizar. en el caso de que existan. los productos fitosanitarios autorizados para este uso en el Registro de Productos Fitosanitarios del Ministerio de Agricultura. Pesca y Alimentación
033;Medios biotecnológicos: Existen productos formulados a base de microorganismos autorizados para este uso en el Registro de Productos Fitosanitarios del Ministerio de Agricultura. Pesca y Alimentación. aplicables desde botón floral hasta el crecimiento del fruto (BBCH 55-75);Ninguno;Rotación de materias activas de diferentes familias o grupos de acción para evitar resistencias. Se podrán utilizar. en el caso de que existan. los productos fitosanitarios autorizados para este uso en el Registro de Productos Fitosanitarios del Ministerio de Agricultura. Pesca y Alimentación
034;Trichoderma viridae es un hongo antagonista de armillaria que actúan reduciendo el inicio y desarrollo de los rizomorfos. También se ha descrito a la especie Trichoderma harzianum como antagonista de las enfermedades causadas por hongos fitopatógenos del suelo;La solarización. aunque no llega a controlar a la armilaria. estimula el crecimiento de Trichodema;No hay fungidas que tengan una acción apreciable para el control de la enfermedad
035;Combinaciones de ciertas bacterias (Bacillus subtilis. Pseudomonas pseudoalcaligenes y P. chlororaphis) con Trichoderma spp. (T. atroviride y T. virens) pueden producir retraso de la podredumbre blanca;Solarización alrededor del tronco en árboles infectados;Aireación de raíces y tronco mediante zanjas con aplicación de fungicidas. Se podrán utilizar. en el caso de que existan. los productos fitosanitarios autorizados para este uso en el Registro de Productos Fitosanitarios del Ministerio de Agricultura. Pesca y Alimentación
036;Medios biológicos. Favorecer la presencia de enemigos naturales como coleópteros de las familias Staphylinidae e Histeridae. Medios biotecnológicos. Trampeo masivo de adultos colocando de 80 a 100 trampas por hectárea cebados con un atrayente alimenticio situadas a 1.5-2 metros en la cara sur o sureste del árbol. Las trampas requerirán de un mantenimiento adecuado según e modelo elegido y las condiciones meteorológicas;Ninguno;Aplicar preferentemente en forma de parcheo con un atrayente alimenticio. Precaución con la peligrosidad para peces y abejas de algunos productos. Se podrán utilizar en el caso de que existan los productos fitosanitarios
autorizados para este uso en el Registro de Productos Fitosanitarios del Ministerio de Agricultura. Pesca y Alimentación
037;Fomentar los depredadores de huevos (Scutellista spp.) y parasitoides (Metaphycus flavus);Ninguno;Limitar la aplicación a los focos. Calibrar bien la maquinaria de tratamiento y realizar la aplicación con la suficiente presión para mojar bien las hojas. Precaución con la peligrosidad para peces y abejas de algunos productos. Se podrán utilizar en el caso de que existan los productos fitosanitarios autorizados para este uso en el Registro de Productos Fitosanitarios del Ministerio de Agricultura Pesca y Alimentación
038;Favorecer la presencia de la fauna auxiliar autóctona ya que realiza un control biológico muy importante. Destacan: Parasitoides de las familias Encyrtidae.  Aphelinidae y Pteromalidae. Depredadores generalistas como los coleópteros Exochomus quadripustulatus y Cryptolaemus montrouzieri;Ninguno;Limitar la aplicación a los focos. Precaución con la peligrosidad para peces y abejas de algunos productos. Se podrán utilizar en el caso de que existan los productos fitosanitarios autorizados para este uso en el Registro de Productos Fitosanitarios del Ministerio de Agricultura Pesca y Alimentación
039;Favorecer la presencia de la fauna auxiliar autóctona ya que realiza un control biológico muy importante. Destacan:  Parasitoides de las familias Encyrtidae (Leptomastix dactylopii y Leptomastidea abnormis). Depredadores Cryptolaemus montrouzieri y Scymus spp. Leucopis griseola;Ninguno;Limitar la aplicación a los focos Precaución con la peligrosidad para peces y abejas de algunos productos. Se podrán utilizar en el caso de que existan los productos fitosanitarios autorizados para este uso en el Registro de Productos Fitosanitarios del Ministerio de Agricultura Pesca y Alimentación
040;Favorecer la presencia de la fauna auxiliar autóctona ya que realiza un control biológico muy importante. Destacan:  Parasitoides de las familias Encyrtidae (Leptomastix dactylopii y Leptomastidea abnormis). Depredadores Cryptolaemus montrouzieri y Scymus spp. Leucopis griseola;Ninguno;Limitar la aplicación a los focos Precaución con la peligrosidad para peces y abejas de algunos productos. Se podrán utilizar en el caso de que existan los productos fitosanitarios autorizados para este uso en el Registro de Productos Fitosanitarios del Ministerio de Agricultura Pesca y Alimentación
041;Los depredadores principales son los pájaros;Uso de diferentes tipos de barreras aplicadas directamente sobre los troncos o láminas de cobre que rodean el tronco. Pintar el tronco con cal seca;Se podrán utilizar en el caso de que existan los productos fitosanitarios autorizados para este uso en el Registro de Productos Fitosanitarios del Ministerio de Agricultura Pesca y Alimentación
042;Los depredadores principales son los pájaros;Uso de diferentes tipos de barreras aplicadas directamente sobre los troncos o láminas de cobre que rodean el tronco. Pintar el tronco con cal seca;Se podrán utilizar en el caso de que existan los productos fitosanitarios autorizados para este uso en el Registro de Productos Fitosanitarios del Ministerio de Agricultura Pesca y Alimentación
043;Los depredadores principales son los pájaros;Uso de diferentes tipos de barreras aplicadas directamente sobre los troncos o láminas de cobre que rodean el tronco. Pintar el tronco con cal seca;Se podrán utilizar en el caso de que existan los productos fitosanitarios autorizados para este uso en el Registro de Productos Fitosanitarios del Ministerio de Agricultura Pesca y Alimentación
044;Los depredadores principales son los pájaros;Uso de diferentes tipos de barreras aplicadas directamente sobre los troncos o láminas de cobre que rodean el tronco. Pintar el tronco con cal seca;Se podrán utilizar en el caso de que existan los productos fitosanitarios autorizados para este uso en el Registro de Productos Fitosanitarios del Ministerio de Agricultura Pesca y Alimentación
045;Los depredadores principales son los pájaros;Uso de diferentes tipos de barreras aplicadas directamente sobre los troncos o láminas de cobre que rodean el tronco. Pintar el tronco con cal seca;Se podrán utilizar en el caso de que existan los productos fitosanitarios autorizados para este uso en el Registro de Productos Fitosanitarios del Ministerio de Agricultura Pesca y Alimentación
046;Ninguno;Ninguno;Los medios químicos son lentos y costosos e incluso inviables en estado avanzado de la enfermedad. Se podrán utilizar en el caso de que existan los productos fitosanitarios autorizados para este uso en el Registro de Productos Fitosanitarios del Ministerio de Agricultura Pesca y Alimentación
047;En viveros inocular los plantones con el hongo Ceratobasidium sp.;Ninguno;Lento. costoso e incluso inviable en estado avanzado de la enfermedad. Para una mayor eficacia las aplicaciones deben efectuarse en periodo de crecimiento activo de la planta. Se podrán utilizar en el caso de que existan los productos fitosanitarios autorizados para este uso en el. Registro de Productos Fitosanitarios del Ministerio de Agricultura Pesca y Alimentación
048;Ninguno;Ninguno;Se podrán utilizar en el caso de que existan los productos fitosanitarios autorizados para este uso en el. Registro de Productos Fitosanitarios del Ministerio de Agricultura Pesca y Alimentación
049;No hay ningúna opción de aplicar este tipo de control de forma artificial contra esta plaga aunque se ha detectado depredación a cargo de fitoseidos presentes en el cultivo;Ninguno;En caso de decidir tratar realizar la aplicación cuando la mayor parte de los brotes de los árboles se encuentren entre 4 y 6 cm de longitud. Se podrán utilizar en el caso de que existan los productos fitosanitarios autorizados para este uso en el Registro de Productos Fitosanitarios del Ministerio de Agricultura Pesca y Alimentación
050;No se conocen enemigos naturales eficaces contra la araña roja en cítricos aunque suelen verse con frecuencia entre sus colonias los ácaros fitoseidos Neoseiulus californicus y Phytoseiulus persimilis y larvas y adultos del coleóptero coccinélido Stethorus punctillum;Ninguno;Los tratamientos con acaricidas deben hacerse siempre cuando se observen formas vivas o puestas visibles y no de manera preventiva o por observar sólo síntomas. Para obtener una alta eficacia se deben mojar bien todas las partes del árbol incluso las internas y las elevadas con presiones adecuadas de trabajo. En esta plaga es muy importante la alternancia entre materias activas de diferente método de acción ya que de lo contrario se pueden desarrollar resistencias. Se podrán utilizar en el caso de que existan los productos fitosanitarios autorizados para este uso en el Registro de Productos Fitosanitarios del Ministerio de Agricultura Pesca y Alimentación
051;Amblyseius californicus. Conwentzia psociformis. Euseius stipulatus. Phytoseiulus persimilis. Semidalis aleyrodiformis. Sethorus punctillum. Typhlodromus phialatus;Ninguno;Dar prioridad a insecticidas respetuosos con los enemigos naturales. En esta plaga es muy importante la alternancia entre materias activas de diferente modo de acción ya que de lo contrario se pueden desarrollar resistencias. Se podrán utilizar en el caso de que existan los productos fitosanitarios autorizados para este uso en el Registro de Productos Fitosanitarios del Ministerio de Agricultura Pesca y Alimentación
052;Stethorus punctillum;Ninguno;En esta plaga es muy importante la alternancia entre materias activas de diferente modo de acción ya que de lo contrario se pueden desarrollar resistencias. Se podrán utilizar en el caso de que existan los productos fitosanitarios autorizados para este uso en el Registro de Productos Fitosanitarios del Ministerio de Agricultura Pesca y Alimentación
053;Los parasitoides bracónidos (Lysiphlebus testaceipes. Trioxys angelicae y Aphidius matricariae) y los depredadores coccinélidos (Propylea quatuordecimpunctata. Scymnus) sírfidos. cecidomíidos (Aphidoletes aphidimyza) y crisópidos (Chrysoperla carnea);Ninguno;Dar prioridad a insecticidas respetuosos con los enemigos naturales de pulgones. Una vez sobrepasado el umbral. realizar el tratamiento antes de dos días. Mojar sólo la parte externa del árbol  dejando el interior sin tratar para que sirva de reservorio a los enemigos naturales presentes a excepción de los años en los que se haya realizado una poda intensa. Vigilar especialmente especies sensibles (clementinos) y árboles en desarrollo Se podrán utilizar en el caso de que existan los productos fitosanitarios autorizados para este uso en el Registro de Productos Fitosanitarios del Ministerio de Agricultura Pesca y Alimentación
054;Los parasitoides bracónidos (Lysiphlebus testaceipes. Trioxys angelicae y Aphidius matricariae) y los depredadores coccinélidos (Propylea quatuordecimpunctata. Scymnus) sírfidos. cecidomíidos (Aphidoletes aphidimyza) y crisópidos (Chrysoperla carnea);Ninguno;Dar prioridad a insecticidas respetuosos con los enemigos naturales de pulgones. Una vez sobrepasado el umbral realizar el tratamiento antes de dos días. Mojar sólo la parte externa del árbol dejando el interior sin tratar para que sirva de reservorio a los enemigos naturales presentes a excepción de los años en los que se haya realizado una poda intensa. Vigilar especialmente especies sensibles (clementinos) y árboles en desarrollo. Se podrán utilizar en el caso de que existan los productos fitosanitarios autorizados para este uso en el Registro de Productos Fitosanitarios del Ministerio de Agricultura Pesca y Alimentación
055;Medios biológicos: Auxiliares que de manera espontánea muestran una cierta acción contra Piojo blanco: Aphytis chilensis (ectoparásito) Encarsia citrina (endoparásito) y Rhyzobius (Lindorus) lophanthae (depredador). Son muy sensibles a las intervenciones químicas incontroladas. Las sueltas artificiales de Aphytis melinus han demostrado buena eficacia. Medios biotecnológicos. No hay ninguna opción de actuar contra esta plaga por estos medios. Se ha ensayado la técnica de confusión sexual con buen resultado pero no se ha llegado a comercializar por lo que no está disponible para los agricultores;Ninguno;La eficacia del tratamiento al primer máximo de inmaduros es mayor que al segundo. El aceite mineral es el producto más recomendable por su eficacia y compatibilidad con el control biológico. pero según su calidad y momento de aplicación puede producir problemas de fitotoxicidad. Se podrán utilizar en el caso de que existan los productos fitosanitarios autorizados para este uso en el Registro de Productos Fitosanitarios del Ministerio de Agricultura Pesca y Alimentación
056;Medios biológicos: Los ectoparasitoides afelínidos Aphytis melinus y Aphytis chrysomphali son los enemigos naturales más eficientes en la regulación de las poblaciones de A. aurantii. Entre los depredadores destaca el coleóptero coccinélido Rhyzobius lophanthae. Las sueltas artificiales de Aphytis melinus han demostrado buena eficacia. Medios biotecnológicos: La confusión sexual con feromonas permite controlar de forma adecuada las poblaciones del piojo rojo de California;Ninguno;La eficacia del tratamiento al primer máximo de inmaduros es mayor que al segundo. Es frecuente la aparición de resistencia a plaguicidas en las poblaciones de A. aurantii por lo que hay que evitar repetir los mismos productos y aplicarlos de forma innecesaria. Se podrán utilizar en el caso de que existan los productos fitosanitarios autorizados para este uso en el Registro de Productos Fitosanitarios del Ministerio de Agricultura Pesca y Alimentación
057;El principal enemigo natural y responsable del buen control biológico de esta plaga es Aphytis lepidosaphes;Ninguno;La eficacia del tratamiento al primer máximo de inmaduros es mayor que al segundo. El aceite mineral es el producto más recomendable por su eficacia y compatibilidad con el control biológico pero según su calidad y momento de aplicación puede producir problemas de fitotoxicidad. Se aconseja mojar bien todo el árbol incluso las ramas y el tronco. Se podrán utilizar en el caso de que existan los productos fitosanitarios autorizados para este uso en el Registro de Productos Fitosanitarios del Ministerio de Agricultura Pesca y Alimentación
058;Liberación de Cryptolaemus montrouzieri (2000 individuos/ha) cuando la mayor parte de la población esté en hembras con ovisaco. Parasitoides asociados a la plaga Metaphycus nietneri y Metaphycus helvolus;Ninguno;El momento óptimo para la realización de los tratamientos fitosanitarios es cuando la plaga se encuentra en los primeros estadios ninfales (N1 y N2). Se podrán utilizar en el caso de que existan los productos fitosanitarios autorizados para este uso en el Registro de Productos Fitosanitarios del Ministerio de Agricultura Pesca y Alimentación
059;Medios biológicos: El prncipal depredador del cotonet es el coccinélido Cryptoleamus montrouzieri se pueden realizar sueltas al final de la primavera (5 a 10 por árbol). Los principales parasitoides del cotonet son los encírtidos Anagyrus pseudococci (a razón de 1.500-3.000 individuos/ha). Leptomastix dactylopii (10 a 20 por árbol) y Leptomastidea abnormis. Medios biotecnológicos:  En el caso de estar autorizado para este uso en el Registro de Productos Fitosanitarios del Ministerio de Agricultura Pesca y Alimentación. Se podrá usar el trampeo masivo basado en un sistema de trampas cebadas con feromona sexual;Ninguno;Si se respetan las poblaciones de enemigos naturales no debería ser necesario intervenir. Se podrán utilizar en el caso de que existan los productos fitosanitarios autorizados para este uso en el Registro de Productos Fitosanitarios del Ministerio de Agricultura Pesca y Alimentación
060;Medios biológicos: Liberación de adultos del insecto depredador Cryptolaemus montrouzieri (2000 individuos/ha) durante el verano-otoño. Otros depredadores generalistas: Wesmaelius subnevulosus. dípteros cecidómidos Nephus spp. Crisopa spp. Gaeolaelaps aculeifer. Medios biotecnológicos. En el caso de estar autorizado para este uso en el Registro de Productos Fitosanitarios del Ministerio de Agricultura Pesca y Alimentación se podrá usar el trampeo masivo basado en un sistema de trampas cebadas con feromona sexual que incorporan un insecticida. Se colocaran durante los primeros días del mes de febrero. Medios físicos: Colocación de barreras físicas alrededor del tronco en su parte baja a la salida del invierno;Ninguno;El tratamiento químico se realizará a la caída de pétalos cuando se supere el umbral de tratamiento. Se continuará vigilando los frutos en crecimiento hasta que alcancen 3-4 cm y se repetirá el tratamiento si se vuelve a superar este porcentaje. Se podrán utilizar en el caso de que existan los productos fitosanitarios autorizados para este uso en el Registro de Productos Fitosanitarios del Ministerio de Agricultura Pesca y Alimentación
061;La cochinilla acanalada se encuentra totalmente controlada por el coccinélido Rodolia cardinalis;Ninguno;En ningún caso se recomienda tratar. Evitar tratamientos contra otras plagas que puedan dañar a R. cardinalis
062;El parásito Cales noacki ejerce un buen control sobre la plaga. Otro parásito es Amitus spiniferus. Entre los depredadores se encuentran Clitostethus arcuatus;Ninguno;Aplicar los tratamientos cuando predominen en la población las larvas jóvenes denominadas larvas miel. Evitar los tratamientos cuando predominen las larvas desarrolladas denominadas larvas borra. Evitar insecticidas nocivos para Cales noacki Se podrán utilizar en el caso de que existan los productos fitosanitarios autorizados para este uso en el Registro de Productos Fitosanitarios del Ministerio de Agricultura Pesca y Alimentación
063;En la Península Ibérica el único parasitoide sobre las ninfas de D. citri es el himenóptero afelínido Encarsia strenua con porcentajes de parasitismo bajos inferiores al 20 %. También se observa con frecuencia el coleóptero coccinélido depredador Clitostethus arcuatus; Ninguno;Se podrán utilizar en el caso de que existan los productos fitosanitarios autorizados para este uso en el Registro de Productos Fitosanitarios del Ministerio de Agricultura Pesca y Alimentación
064;El control biológico es muy escaso. Observándose raramente algún depredador generalista en sus poblaciones;Ninguno;Las aplicaciones de fitosanitarios deben realizarse con elevado volumen de caldo plaguicida. Se podrán utilizar en el caso de que existan los productos fitosanitarios autorizados para este uso en el Registro de Productos Fitosanitarios del Ministerio de Agricultura Pesca y Alimentación
065;Entre los los parasitoides destacan los Mymaridae parasitoides de huevos Anagrus atomus y Stethynium triclavatum. También son atacados por depredadores polífagos;Ninguno;Se podrán utilizar en el caso de que existan los productos fitosanitarios autorizados para este uso en el Registro de Productos Fitosanitarios del Ministerio de Agricultura Pesca y Alimentación
066;Entre los los parasitoides destacan los Mymaridae parasitoides de huevos Anagrus atomus y Stethynium triclavatum. También son atacados por depredadores polífagos;Ninguno;Se podrán utilizar en el caso de que existan los productos fitosanitarios autorizados para este uso en el Registro de Productos Fitosanitarios del Ministerio de Agricultura Pesca y Alimentación
067;Entre los los parasitoides destacan los Mymaridae parasitoides de huevos Anagrus atomus y Stethynium triclavatum. También son atacados por depredadores polífagos;Ninguno;Se podrán utilizar en el caso de que existan los productos fitosanitarios autorizados para este uso en el Registro de Productos Fitosanitarios del Ministerio de Agricultura Pesca y Alimentación
068;Entre los los parasitoides destacan los Mymaridae parasitoides de huevos Anagrus atomus y Stethynium triclavatum. También son atacados por depredadores polífagos;Ninguno;Se podrán utilizar en el caso de que existan los productos fitosanitarios autorizados para este uso en el Registro de Productos Fitosanitarios del Ministerio de Agricultura Pesca y Alimentación
069;Ninguno;Ninguno;Se podrán utilizar en el caso de que existan los productos fitosanitarios autorizados para este uso en el Registro de Productos Fitosanitarios del Ministerio de Agricultura Pesca y Alimentación
070;El himenóptero parasitoide Citrostichus phyllocnistoides es actualmente el parasitoide dominante del minador en todos los cítricos de la Península Ibérica y Baleares; Ageniaspis citricola predomina en zonas de invierno muy suave como las Islas Canarias;Ninguno;Los tratamientos pueden aplicarse por tres vías. a las hojas. al tronco y al agua de riego. Por lo general las aplicaciones foliares tienen una persistencia de 10 a 15 días. El pintado del tronco con insecticida protege las brotaciones por 45 a 60 días tiene el inconveniente de que puede producir fitotoxicidad. Se podrán utilizar en el caso de que existan los productos fitosanitarios autorizados para este uso en el Registro de Productos Fitosanitarios del Ministerio de Agricultura Pesca y Alimentación
071;Niguno;Ninguno;El mejor momento para tratar es cuando hay un 50 % de flores abiertas. Generalmente suele ser suficiente con una sola aplicación contra esta plaga. Se podrán utilizar en el caso de que existan los productos fitosanitarios autorizados para este uso en el Registro de Productos Fitosanitarios del Ministerio de Agricultura Pesca y Alimentación072;Medios biológicos:La acción de los enemigos naturales no es suficiente para controlar por completo los daños producidos por C. capitata. Depredadores: Pardosa cribata (Simon) se alimenta de adultos de la mosca recién emergidos. Pseudophonus rufipes (De Geer) se alimenta de las pupas de la mosca del suelo. Parasitoides: se han importado tres especies de bracónidos: Diachasmimorpha tryoni (Cameron) y D. longicaudata (Ashmead) (parasitoides larvarios) y Fopius arisanus (Sonan) (parasitoide de huevos). Entre los parasitoides autóctonos los más abundantes son los pteromálidos: Pachycrepoideus vindemmiae (Rondani) y Spalangia cameroni Perkins ambos son parasitoides de pupas. Medios biotecnológicos: Trampas con atrayente e insecticida para utilizarse a nivel de parcela mediante el sistema de trampeo masivo o el sistema de atracción y muerte (Lure & Kill). Quimioesterilizanción. el objetivo de esta técnica es la disminución de la población de la mosca de la fruta a medio-largo plazo en una amplia zona mediante la utilización de trampas cebadas con atrayente y gel esterilizante. Utilización de la técnica del insecto estéril (TIE) se trata de un método de control global de poblaciones en grandes superficies que consiste en la liberación de grandes cantidades de machos estériles;Ninguno;Dado que el fruto se encuentra próximo a su recolección y puesta a disposición del consumidor deberán seleccionarse aquellos productos fitosanitarios autorizados con plazo de seguridad adaptado a la fecha de recolección y priorizar la pulverización cebo. Se podrán utilizar en el caso de que existan los productos fitosanitarios autorizados para este uso en el Registro de Productos Fitosanitarios del Ministerio de Agricultura Pesca y Alimentación
073;Los más importantes agentes de control biológico de P. kellyanus son los ácaros depredadores en el suelo entre los que destaca el ácaro laelápido Gaeolaelaps (Hypoaspis) sp.;Ninguno;El momento de aplicación es muy importante para su eficacia. el tratamiento debe realizarse cuando la proporción de frutitos con larvas supere el umbral en las cinco semanas siguientes a la floración. Evitar los tratamientos químicos innecesarios para no afectar a los enemigos naturales de los trips u otras plagas controladas de forma biológica y para evitar resistencias. Se podrán utilizar en el caso de que existan los productos fitosanitarios autorizados para este uso en el Registro de Productos Fitosanitarios del Ministerio de Agricultura Pesca y Alimentación
074;Los agentes de control biológico asociados a la plaga son: Franklinothrips megalops. Haplothrips spp. fitoseidos. antocóridos. dípteros cecidómidos y arañas;Instalación sobre la superficie del suelo (entre las filas de árboles) coberturas de film plástico u otro tipo
075;Ninguno;Uso de diferentes tipos de barreras que son aplicadas directamente sobre los troncos o láminas de cobre que rodean el tronco;Se podrán utilizar en el caso de que existan los productos fitosanitarios autorizados para este uso en el Registro de Productos Fitosanitarios del Ministerio de Agricultura Pesca y Alimentación
076;Ninguno;Ninguno;Fungicidas aplicados mediante pulverización foliar en otoño. Se podrán utilizar en el caso de que existan los productos fitosanitarios autorizados para este uso en el Registro de Productos Fitosanitarios del Ministerio de Agricultura Pesca y Alimentación077;Ninguno;Ninguno;Fungicidas aplicados sobre el tronco y las ramas principales. algunos fungicidas pueden aplicarse también a través del sistema de riego o mediante pulverización foliar. Se podrán utilizar en el caso de que existan los productos fitosanitarios autorizados para este uso en el Registro de Productos Fitosanitarios del Ministerio de Agricultura Pesca y Alimentación
078;Ninguno;Ninguno;Fungicidas aplicados de forma preventiva para proteger las hojas jóvenes y los frutos durante los períodos de infección. Repetir las aplicaciones cada 15- 21 días si persisten las condiciones favorables para la infección o se producen lluvias intensas que puedan lavar el producto. Se podrán utilizar en el caso de que existan los productos fitosanitarios autorizados para este uso en el Registro de Productos Fitosanitarios del Ministerio de Agricultura Pesca y Alimentación
079;Ninguno;Destrucción o quema de árboles eliminados;El control químico del virus es imposible en plantas infectadas. Se podrán utilizar en el caso de que existan los productos fitosanitarios autorizados para este uso en el Registro de Productos Fitosanitarios del Ministerio de Agricultura Pesca y Alimentación








